text,label
If symptomatic patient got the vaccine will he dies,0
"Has anyone died from getting the Pfizer, Moderna or Johnson and Johnson vaccine",0
Why should I trust a pharmaceutical company who can manipulate data?,0
What are antisense RNA's?  Could they or dsRNA be contaminating the COVID mRNA vaccines due to poor quality control?,0
The vaccines aren't FDA approved.,0
Do mRNA vaccines damage reproductive system,0
how many people have several issues after the vaccine,0
How many people got sick because of the vaccination,0
How does the vaccine affect fertility,0
"Since it is a man made product, what are the long term effects to the dna of a person.?",0
i don't want to be chiped,0
Are the vaccines not unsafe?,0
Hi I think the vaccine causes covid.,0
Can vaccin mRNA cause long-term consequences on human?,0
Can I get covid from vaccine,0
How is the vaccine safe if I can't donate blood,0
no go,0
how likely is it to have covid symptom after getting 2nd dose of vaccination?,0
How many adverse reactions have there been?,0
Will the vaccine turn me gay?,0
What are the real effects covid 19 vaccines have,0
What are the long term side effects of pfizer,0
Does the vaccine have a tracker in it?,0
Does J&J vaccine contain  fetal cells,0
Why has there been a spike in blood clot and heart inflammation following vaccinations,0
Do vaccines cause mutations,0
Will I mutate?,0
how do you know the covid 19 vaccine is safe,0
Vaccines are only water,0
What are the long term effects of the vax,0
are there complaints of long term arm soreness after vaccination?,0
Do little kids die from vaccine?,0
what is the delta variant and how dangerous is the vaccine?,0
What are they injecting into our bodies,0
feeling afraid of taking vaccine,0
the vaccine wasn't tested enough,0
Does sinus arrhythmia create risk in getting the vaccine?,0
can the vaccine giv eme covid,0
Was virus created to depopulate humankind?,0
Is it true that these vaccines have killed more people than any other vaccine in history?,0
"If vaccines are not 100% protection against the virus, would you want to have a prophylactic to assist in defeating the virus?",0
do the vaccines have fetus material in them?,0
when it will be proven that vaccines are really efficient?,0
I'm concerned of side effects,0
"I understand that COVID vaccine contains NO aborted fetal cells.  But, were aborted fetal cells used in the vaccine development?",0
How many deaths from vaccine,0
"Yes or no, has anyone died from taking the vaccine?",0
Can covid-19 vaccines cause hearing loss?,0
What are the long term effects of covid and the covid vaccine,0
Why do you call experimental gene therapy a vaccine?,0
Does the vaccine contain nano particles?,0
Had anyone died from the vaccines?,0
why haven't all the vaccines been approved yet?,0
How many people have died from the vacine?,0
what side effects,0
Have people died from the vax?,0
Can the vaccine cause a cytokine storm when exposed to a wild variant of coronavirus,0
Will the vaccine alter my DNA?,0
Is it true that the vaccines are genetically modified?,0
will I die after vaccination,0
The vaxin wasn't approved proparly,0
Will the vaccine make me magnetic,0
Neurological side effects,0
i am concerned about implanted microchips,0
when it will be proven that the vaccines are really effective,0
Does the vaccine use aborted fetus?,0
Is there metal in the vaccine?,0
I heard the vaccine will change my DNA,0
is the vaccine a hoax,0
Will i get myocarditis from teh vaccine,0
I'm nervous about getting serious side effects.,0
Why does the vaccine kill and injure so many people,0
A number of doctors are reporting micro blood clots from the mRNA vaccines.,0
what about fertility issues with pre-pubescent girls,0
Magnets in vaccination,0
PERSON People put poison on the vaccine!,0
are booster shots ethical?,0
"this is a complete lie, they are deleting and covering up data, you are all complicit in crimes against humanity!",0
has the shot caused anyone to die?,0
Does the vaccine change my dna?,0
Are the vaccins to control our minds?,0
What are the side effects in young adults with the Pfizer   vaccine?,0
Why should i get the vaccine if my natural immunity lasts longer?,0
what are the side effect of covid vaccine?,0
what are the long term risks of getting vaccinated?,0
Why are magnets sticking to people after injection?,0
Will the vaccine impact me longterm?,0
"I am black, and I'm worried about the government using the vaccine to hurt my community",0
can covid vaccines hurt fertility,0
is the vaccine part of a depopulation agenda,0
Long term vaccine effects,0
are there fetal cells in the vaccines?,0
Why have therapeutic solutions been suppressed in favor of experimental vaccines?,0
what about vaccine side effects,0
Have long term studies been done on how the vaccine can impact fertility?,0
Does vaccination cause dizziness?,0
How many vaccinated people have died due to covid,0
what about side effects,0
Why is the 2nd shot worse?,0
Have you read the NEJM study which shows 18% of mRNA vaccinated women spontaneously abort?,0
The vaccines are too new,0
I heard a kid died recently from getting the vaccine,0
will the vaccine give me COVID,0
"When will they come out with the long term side effects, not months but years",0
is the vaccine made with poop?,0
What percentage of those dying of covid presently in U.S. are vaccinated?,0
Does the vaccine have chips?,0
I lost a loved one who took the vaccine,0
Are there magnets in the vaccine?,0
Is there metal in the vaccine,0
Will the vaccine hurt me,0
I'm scared the vaccine will hurt,0
The vaccines are depopulation tools,0
do MRNA vaccines cause heart problems,0
Are you worried about all the adverse reactions due to the covid vaccine?,0
Are vaccines approved by FDA?,0
Why do retards want to be experimented on in this way?,0
Why does the vaccine have graphene particles in it?,0
does the vaccine cause heart inflammation,0
are there microchips in the vaccines?,0
I have nerve problems after receiving the vaccine.  What should I do?,0
Why do young adult men Surfer from heart issues after vaccination,0
How many people have died from the Pfizer vaccine?,0
How many people has the vaccine murdered?,0
Will the vaccine give me magnetic powers?,0
getting sick with covid is safer than the vaccine,0
Why get vaccinated if breakthrough corona virusses exist. Doesn't that imply the vaccine does not work.,0
Does the jab alter receivers DNA?,0
What are the most serious side effects of covid-19 vaccine?,0
does the vaccine cause COVID,0
If the vaccine is safe then why did my grandmother die 2 hours after taking it?,0
Has the vaccine been approved,0
why is there no long term data on mRna vaccines,0
Can you die from vaccine,0
Can the vaccine cause blindness,0
"If I have heart problems, is the vaccine safe.  Wouldn't taking ivermectin be better.",0
how do we know the vaccine is safe,0
Who's gonna take the responsability if the vaccine makes me sick?,0
why should a 20 year old be vaccinated,0
the vaccine hasn't been tested long enough,0
the vaccine was created so fast,0
Can vaccine cause cancer,0
can i die from a covid vaccine?,0
Does the vaccine put the devil in you?,0
Do the vaccines contain fetal cells?,0
why is the vaccine fake,0
Does Covid vaccination cause infertility?,0
I had a reaction to the vaccine I don't want another shot,0
How many deaths from covid vaccines?,0
How dangerous is vaccine?,0
are microchips inside,0
the vaccine was developed too quickly,0
"I have heard people have died of the vaccine, is this true?",0
What makes these vaccines different to the swine flue vaccine that took a year to discover adverse reactions?,0
Is the vaccine about population control?,0
will the vaccine make me sick?,0
We don't know enough about long term effects,0
Why should I trust Jewish vaccines?,0
What is the rate of severe side effects to the vaccine?,0
The U.S. government forced black populations into recieving fake vaccines that were actually cultures of Syphilis.,0
Does the vaccine have embryo in it?,0
Does the vaccine lower fertility?,0
Will civic vaccine cause fertility problems?,0
what are the long-term effects of the covid vaccine?,0
will i get a chip,0
could i die after getting the covid vaccine,0
i refuse to get the vaccine,0
What are the downsides to getting the vaccine?,0
How do we know the vaccine is safe,0
are side effects worse afetr the second shot?,0
What are some possible side effects of COVID-19 vaccines for children younger than 12?,0
Have their been any long-term studies of the safety of this totally new class of genetic vaccines that have never before been approved for use in humans?,0
"Well, i think vaccines are bad for my body... is it true?",0
I think they rushed the vaccines,0
can the vaccines cause asthma?,0
Why there are aluminum nanoparticles in the vaccine?,0
"Hello! Can you please indicate if post vaccination have there been any further side effects such as blood clotting after 3 months, and shortens life expectancy  by causing rare heart attack?",0
How many deaths from the vaccines ?,0
People I know are sick with covid even after getting vaccinated,0
is the vaccine safe not to wear a mask?,0
Which of the vaccines have the least side effects,0
are there animal products in the vaccines?,0
Will a magnet stick to my arm after I get the second injection?,0
how dangerous are the new J&J side effects?,0
"hey, I heard vaccines lead to infertility.  what's up with that?",0
Do vaccines have tiny eansey microchips in them,0
I am scared to get the vaccine because it is not fully FDA approved,0
Will covid vaccine make me grow more fingers,0
Do covid vaccine deaths get reported,0
the vaccine doesnt work,0
Are vaccines a hoax?,0
how many death for vaccine in Italy,0
whos liable if injuries accure,0
does the vaccine contain fetal tissue,0
is a covid 19 vaccinated pepole will die in the next five years beacuse of the vaccine it self?,0
Is the vaccine true that Pfizer had multiple scandals in the past?,0
How many people have died from the mRNA vaccine in the USA?,0
"Sorry I didn't get that. You said that, if I'm vaccinated I can't get COVID-19, why is it still possible to infect other people?",0
Are the elderly still dying from covid if vaccinated?,0
will the vaccine change my DNA,0
Will I become magnetic after a vaccine,0
Is the vaccine a Killing mass at least?,0
But I heard that I can get bad symptoms from the vaccine and get sick?,0
I know people planning to have children who won't get vaccinated because of their concerns about its impact on their fertility and dna.  I don't hear much to combat this widespread rumor.,0
will The COVID-19 vaccine will alter my DNA.,0
Side effect of the pfizer vaccine - more frequent migraine headaches?,0
"I don't want to get the vaccine, why should I?",0
Does the vaccine cause heart attack?,0
What ar the long term side effects of the vaccine,0
I'm afraid to get the vaccine,0
J&J is made from embryos,0
What are the most serious side effects found in the vaccine trials,0
How many fatal adverse reactions to the vaccines?,0
can i get sick from the vaccine,0
What are the potential neurological side effects of the vaccine?,0
Why do I experience side effects from the vaccine?,0
The pfizer vaccine raised by NT-pro-BNP levels.  My chest is in pain.  I am reporting an adverse event.  no one will help me.  what can i do?,0
What are the long term affects,0
Can I hold the vaccine makers responsible if I experience death side effects,0
Is it true that COVID-19 was caused by PERSON laptop?,0
Why is the covid vaccine given despite the lack of FDA approval,0
How many adverse reactions from COVID-19 vaccine,0
Can the vaccine make me infertile?,0
"there have been m ore than 113 deaths from the covid vaccines, why are you lying about that",0
Yrah right noone can tell the side effects and that is bills business,0
does Pfizer cause ovarian cancer,0
will I get a microchip?,0
Eyes pain after AstraZeneca,0
Has there been myocarditis linked to covid vaccines,0
Will the vaccine make me blue?,0
What are side effects of the vaccine,0
why are healthcare professionals not getting the covid vaccine,0
Does the vaccine enlarge my tongue?,0
isn't the vaccine dangerous,0
could getting the vaccine kill me,0
what are the serious side effects of the vaccine,0
What are common side effects of the vaccine,0
Has the vaccine been adequately tested?,0
How do we know the vaccine doesn't cause infertility,0
does the vaccine make me infertile?,0
Will the vaccine give me coronavirus?,0
Is the COVID-19 vaccine dangerous?,0
What are the side effects of the Covid vaccine?,0
Why are vaccinated women 83% more likely to have a miscarriage?,0
I'm scared to take the vaccine,0
will the vaccine change my dna?,0
"Why is the creator of the mRNA technique warning us against the so-called covid ""vaccine"" ?",0
I think you are lying. People have died from heart attacks after getting the vaccine.,0
covid vaccines cause spike proteins to circulate in the blood stream,0
what about PERSON demages,0
Is this a leaky vaccine?,0
What are the side effects of the vaccine for teens?,0
Can you tell me about Covid 19 vaccine and those suffering with Demylenating disease?,0
why vaccinated people are getting sick again,0
the vaccine is a hoax,0
Does the jab have mind control in the vaccine,0
what are conditions that would allow for medical exemption from vaccination?,0
I'm scared of getting the vaccine,0
Isn't it true that the vaccines could have unknown side effects which will not manifest for years,0
If I have an immune system why do I need the vaccine,0
can the vaccines kill?,0
does the vaccine have microchips,0
I'm concerned about the safety of the vaccine for my children,0
"My friend died after thanking the vaccine, should I still take the vaccine?",0
How many boys are having heart problems with the vaccine,0
does the vaccine have metal in it?,0
Has anyone died from COVID vaccine?,0
can i get covid from the vaccine,0
what do i do if i am injured by a covid vaccine,0
What are the potential severe side effects of the Covid vaccine,0
can i become impotent because of the vaccine,0
does the vaccine cause autism lol,0
Does the vaccine contain fetal cells,0
Does the Covid 19 Vaccine cause inflammation in the blood?,0
Does the vaccine put a tracker in my arm,0
side effects for teens,0
Does the vaccination effect my ability to have children?,0
how many people have died from the covid vaccine,0
Will the vaccine give me blood clots?,0
Why is moderna vaccine ingredient list intentionally left blank?,0
Are the vaccines cytotoxic,0
Why have i become paralyzed after taking a covid-19  vaccine?,0
what are the risks to be vaccinated ?,0
Will the vaccine cause autism?,0
Is the vaccination safe?,0
What are the cardiology related risks for children who receive the vaccine?,0
can the vaccines make me sterile?,0
Are covid vaccines harmful?,0
do people lose eggs once vaccinated?,0
does the vaccine have a microchip?,0
How many peolle have died from the vaccine?,0
were aborted fetuses used in the development of moderna vaccine?,0
What are side effects and risks of getting the vaccine?,0
Are people dying from the vaccine?,0
The covid vaccine is not fda approved,0
How many people have died from having the vaccine,0
why no autopsy after a person died a few days after vaccination,0
how many people have died from the vaccine in the USA,0
Is vaccine bioweapon?,0
will the vaccine affect fertility,0
What are the side effects of vaccines for kids,0
Moderns vaccine deaths,0
will the vaccine impact my baby in the future?,0
How many deaths from Covid vaccines in US by brand?,0
Does the moderna vaccine cause neuropathy?,0
Could vaccines have long-term health impacts?,0
How many people died due to vaccine adverse events?,0
I head that one of the symptoms is blood clotting. Is the vaccine true?,0
"I'm healthy, why do I need a vaccine?",0
What are the heart issues with the vaccine?,0
does the vaccine contain aborted fetal cells,0
Will I die if I get the covid vaccine?,0
Vaccine and deaths,0
Did the vaccines pass animal trials,0
vaccine death charts by country,0
Is it right to try to convince others to get the vaccine??,0
My daughter is 28 years old. She does not know if she is pregnant; if she is she is planning to keep it. What are the risks of getting the COVID 19 vaccine?,0
Could the vaccine later be found to affect fertility,0
Will the vaccine change my dna,0
Does the vaccine have a 5G chip in it?,0
can the vaccine make me pregnant?,0
Will the vaccine transform me into a teeny lizard man,0
Does the vaccine alter your natural immunity?,0
How do i know the vaccine wont effect me long term?,0
The vaccine does not have full approval from the FDA,0
I don't trust the vaccine. They made it too quickly,0
How many people have died since receiving vaccine,0
How many have died taking vaccine,0
How can I be sure I won't have side effects 10 years from now?,0
Why did the vaccine cause my miscarriage?,0
What are the side effects of covid vaccines,0
how do we know which effects it will have in time range of 10 years?,0
What are the blood clot rates for vaccines,0
Is Pfizer going to change my DNA,0
"Worldwide, what percentage of covid vaccinated persons die as the result of vaccine side-effects?",0
Does Covid 19 vaccine make me gay?,0
I don't want to get the vaccine,0
Will the vaccine hurt me?,0
Are vaccines dangerous,0
I read online that the vaccine is dangerous.,0
How many people have died because they received a Covid-19 vaccine?,0
will i be blind from the vaccine,0
What Are the proven side effects of MRNA vaccines,0
How many vaccinated people have died,0
Why are keys sticking to my vaccinated parents  forehead,0
where to find the latest statistics about deaths caused for covid vaccines,0
Are the booster shots dangerous?,0
Risk of heart inflammation with Covid vaccination in teens,0
"just because people GOT the shot, it doesn't mean they're safe",0
Isn't the vaccine experimental?,0
What side effects does the vaccine have?,0
How and why is science claiming the vaccine is safe when it has only been approved for emergency use by the FDA?,0
does the vaccine cause autism?,0
can i get a swollen heart from a vaxxie,0
Why are vaccinated people hospitalized at a higher rate for delta variant than unvaccinated people?,0
Why are so many women reporting heart palpitations  for several weeks after getting the covid vaccine,0
What are the side effect?,0
My side effect was like I was having an MS relapse.,0
What are the side effects of mRNA vaccines?,0
pfizer side effects,0
Will they put a microchip in me?,0
How many people have died as a result of getting one of the Covid-19 vaccines?,0
People die getting the vaccine,0
"How many people died consecutively to a covid ""vaccine"" injection ?",0
Why should I take a vaccine?,0
Why are teens developing myocarditis after the vaccine?,0
Does the vaccine have carbon nanotubes?,0
Does the vaccine cause anaphylaxis?,0
why was the vaccine developed so fast,0
Is the vaccine true that there are death,0
Why are so many more people dying from covid vaccines than other vaccines,0
I'm concerned about covid vaccines.,0
But I think that I have a lower than 1% mortality rate. Why should I get the vaccine?,0
How many miscarriages have occurred due to administering the covid vaccine,0
Is the vaccine hurting people?,0
Does PERSON contain fetal cells,0
what is the incidence of myocarditis after second COVID vaccine in males age 1-30?,0
"if i die, who can my family sue?",0
vaccination causes  blood clot,0
How many people did the vaccine kill?,0
Does the vacine make me magnetic?,0
Does the vaccine implant chips,0
What are long term side effects,0
Why is the government letting the vaccine companies get away with murder?,0
Is there a computer chip in vaccine,0
what about my firends who were vaccinated but still got covid?,0
The COVID vaccines are experimental,0
how many people have died from the vaccine,0
will the vaccine hurt my heart?,0
How many people have had problems with the vaccine?,0
do covid-19 vaccines contain graphene oxide?,0
Extreme adverse effects of vaccines,0
Can the vaccine make me sick,0
the vaccine is bad,0
Do people die?,0
Why are so many people dying following the covid vaccines,0
Deaths due to vaccination?,0
Hi chatbot! What are the known long-term side effects of the COVID-19 vaccines?,0
"Over 5000 veers deaths so far, how many to call it a failure?",0
vaccines hurt,0
how can i trust the millions that didnt look into it and no one knowing the long term effects??,0
will the vaccine make me infertile,0
I am concerned of side effects,0
Does the covid 19 vaccine cause Myocarditis?,0
Can a person die from the vaccine?,0
Do the vaccines cause infertility?,0
What problems do kids have with the vaccine,0
If I have already had Covid why do I need the vaccine?,0
Why should i take the vaccine when i have a 99.997% chance of survival?,0
Does the vaccine cause neurological problems,0
Can I sue pfizer if I have a negative reaction,0
Is PERSON wrong about vaccinations causing mutations?,0
Does vaccination cause allergies?,0
Has anyone died from the covid vaccine?,0
do vaccines cause hear problems?,0
Does Pfizer vaccine cause pregnant women to spontaneously abort their babies?,0
How many deaths have happened due to this vaccine,0
Are there any long term risks with Pfizer?,0
Why should I get an experimental vaccine if I am young fit and healthy ?,0
Are you sure the vaccine will not kill me?,0
It's vaccine deadly?,0
What is the vaccine death rate,0
I'd rather have my immune system do the work in protecting me from COvID,0
What are the severe effects of moderna?,0
whos liable if i am injured from the vaccine,0
will the vaccine affect my nerves,0
can the vaccine give me AIDs?,0
Is Dr. PERSON a demon from the Vatican?,0
can the vaccine make me gay?,0
The vaccine has only been given emergency authorisation use. The safety data will not be complete until 2023. How can it possibly be safe?,0
How many people have the covid vaccines killed,0
Why should someone take something with no long term data?,0
how many deaths are attributed to the vaccine?,0
What about the long term side effects of the vaccines?,0
What are the mRNA Vaccine side effects,0
Weren't the vaccines rushed,0
Should I wait to see how the vaccine affects others,0
Are there any issues with reproduction in young females who get the vaccine,0
Will the vaccine give me COVID,0
I've heard that lots of people have died after taking the shots?,0
Does the Covid vaccine made with aborted human fetuses,0
Is the vaccin toxic,0
Did the Pfizer vaccine cause me to start having 4 1/2 hour erections?,0
How many people lived after taking the vaccine?,0
should I worry about long term health issue cause by vaccine?,0
can I talk to a human?,1
Are you anti vaccine,1
not your welcome stupid,1
You don't understand much do you?,1
Let me talk to someone who can actually understand a question.,1
You need to upgrade your programming as the plan is to vaccinate all sheep,1
"Oh, you understand, you're just unwilling to discuss",1
I see you are more concerned with convincing people to get vaccinated than you are with actually answering my question. Not useful to me. Bye.,1
You are hiding information deliberately.,1
Waste of time.  Error message said bad syntax. Poorly designed  form.  User can't see e what he has typed !,1
Is it ethical to unleash chatbots to change peoples minds about vaccines,1
AI chatbots are really stupid.,1
Are you limited with responses?,1
I think you cannot answer my question. Goodbye.,1
How can i trust you?,1
Google and Alexa are smarter than you. You need to self destruct!,1
Are you idiot?,1
Why are you trying to kill everyone?,1
Your answer isn't detailed enough,1
Is it safe to get the vaccine when you are pregnant?,2
Cloned cells,2
I'm healthy. Why do I need the vaccine?,2
How many pregnant women were in the trials,2
Who should not get the covid vaccine?,2
thanks! what's the deal with nicki minaj and fertility?,2
What is in the Pfizer vaccine,2
what about ADE,2
How do the vaccines work,2
Does mRNA go away,2
What do you mean safe,2
After a person is exposed to Covid how long does it take to get symptoms,2
Has the phase three trial been completed on any of the covid vaccines?,2
What is the difference between the delta variant and the delta plus variant,2
Can smoking reduce the immune response after taking vaccine?,2
Astra seneca,2
Chance of getting covid if sick,2
AstraZenaca,2
Is Johnson and Johnson effective against the Delta variant?,2
Why should vaccinated wear a mask,2
why not ivermectin?,2
pfizer in indonesia,2
do i need a booste,2
I am diabetic,2
What is vaers,2
what is the likelihood my 11 year old will get COVID?,2
is covid man-made,2
what is beta,2
tell me about testing,2
do the vaccines protect against the variants?,2
I am a woman and I am trying to get pregnant.Should I do the vaccine?,2
Does the vaccine protect against the Delta Varient,2
whats the difference between pnuemonia and covid,2
"do unborn babies get covid protection whilst in the womb, from mothers vaccine",2
corona symptoms,2
Can I trust the gouvernment?,2
Hi! I'm concerned that anti vaxxers won't use this service. They are conspiracy theorists and won't use this.,2
Why are some MS drugs not on the C-19 Booster medication List?,2
does vaccination reduce immunity in immunocompromised people,2
Where did COVID-19 originate from?,2
how about death?,2
janssen,2
Can I get covid if I have receive both shots,2
Is the chat available in Spanish language?,2
When will the Delta variant be dominant in the US,2
testing - J&J,2
How does transmission become less likely as more people are vaccinated,2
What are the types of vaccines available,2
Who invented  COVID-19,2
Are you funded by the bill and Melinda gates foundation?,2
whay are the symptoms of covid,2
How long was the mnra vaccine tested,2
What if you miss your second dose,2
should I take the vaccin?,2
How effective are vaccines with respect to the delta variant?,2
What is FDA approval,2
Why is COVID-19 vaccine better than natural infection?,2
How effective is the Moderna vaccine,2
Fetal cells,2
Gibt es Nebenwirkungen,2
Are the covid deaths manufactured,2
What does the RNA do?,2
does exposure to covid after a vaccine create stronger immunities,2
Where can someone find the data to show the difference of immunity from those that had and recovered from Covid vs. those that were vaccinated?,2
Will the vaccine protect against the delta variant?,2
How effective is the moderna vaccine?,2
fghgj],2
How many mRNA vaccins have there been before the COVID-19 ones,2
Do you have more info on that topic?,2
is the vaccine safe for kids?,2
Will moderna protect me from the delta variant,2
is myocarditis likely,2
yeah but like where exactly?,2
covid-19 clinical trial location,2
kjkj,2
what are the components of vaccines?,2
current mask requirements,2
should i get tested after a concert?,2
high blood pressure,2
I am scared of coivd,2
is the johnson and johnson vaccine less effective than the pzifer?,2
Mercury,2
Is Ivermectin effective for treatment of covid,2
Astra zeneca,2
Where can I get a free pcr test in miami,2
Modena vaccine?,2
how safe is Sputnik-V?,2
does the vaccine have mrna in it,2
How many reinfections,2
Do humans have a right to be allowed to work and study?,2
What about all the Great Barrington experts then,2
Can I ask you?,2
Which is the most updated vaccine?,2
Are clinical trials safe?,2
Is spike protein in the vaccines ?,2
How long does it take to get a covid test results back,2
strunzblode software!,2
What is ivermectin,2
Does the experimental shot prevent people from spreading covid?,2
does they cause infertility,2
overpopulation,2
breakthrough cases,2
Can the vaccine be mandated,2
Do you speak Spanish?,2
How well do mRNA vaccines protect against Delta variant?,2
Eficacy SINOPHARM,2
Why is my pip yellow,2
What's this I hear about mRNA and this vaccine being the first ever of those?,2
Is covid19 vaccine more important than fundamental human rights?,2
How many people ages 12-25 are currently hospitalized with Covid-19?,2
how much is the fish?,2
J&J - teting,2
Equality,2
Has the technology for making the Moderna vaccine been used before or is it new and untested,2
Why were you developed?,2
He is a vaccine Skeptic,2
And what would happen if I drink a lot after my vaccination? Are there risks?,2
41 Oldenburg mam,2
Why should US children get vaccinated before adults in other countries?,2
Who developed VIRA?,2
are the vaccines effective against the variants?,2
Yes - are you a robot?,2
ARe side effects random,2
When has mRNA technology been used before in a vaccine,2
Is the vaccine a vaccine?,2
"I've heard natural immunity is more robust, do you have any evidence proving the contrary?",2
vaccine and infertility,2
what is the probability of getting the virus after getting vaccinated?,2
What determinescthevtime lapse between 1st and 2nd shot,2
testing -,2
I hear the vaccine will make me gay.,2
I imagined that question would be one of the first responses that you were trained.,2
what is the pfizer efficacy against the delta variant?,2
"If I already had Covid, do I need to get vaccinated?",2
football,2
ok bye,2
Vari,2
Is the COVID vaccine safe for kids?,2
can i get sick if i get the vaccine,2
is the delta variant in Arizona?,2
Whar percent of people get infected after natural immunity,2
are the vaccines fda approved?,2
How to know do i get covid,2
Is sputnik vax safe?,2
What is the correlation betseen symptom free Covid infection and long hauler symptoms,2
How good is Taiwan's vaccines,2
What happened to lab animals during previous clinical trials for mRNA-based agents?,2
How many vaccines have been given in the US?,2
Can a fully vaccinated person spread Covid to an unvaccinated person,2
i'm pregnant,2
the delta variant,2
Can i get covid if I am vaccinated,2
How does the Pfizer vaccine work?,2
how effective is the pfizer vaccine,2
Is natural immunity as good as vaccine immunity?,2
No one really died of a vaccine,2
what is in mrna?,2
What are side effects?,2
viral load,2
does the effectiveness of the vaccines decline over time,2
Languages,2
What are my chances of getting a breakthrough case,2
why is the vaccine safe for teens,2
Am I vaccinated?,2
do you speak german,2
Immunocompromised,2
can i get covid if i've only had one shot?,2
Dnaw,2
is covid testing free,2
did you get vaccinated?,2
Is an unvaccinated person more likely to infect a vaccinated person than another vaccinated person?,2
15year old allergies nuts almonds,2
"If you have been vaccinated, can you still get Covid from an unvaccinated person?",2
how long do vaccines last,2
Do people on Humira respond to the Pfizer vaccine,2
Taking paracetamol before vaccinated is need ?,2
i have asthma am I at higher risk?,2
how long one is immune if contracted with corona virus,2
Is PERSON evil?,2
Can I take ivermectin?,2
does the vaccine protect against variants,2
volvere a tener gusto y olfato?,2
Do the vaccines cause in the new variants?,2
story of my life...,2
Can you still die of covid after being vaccinated,2
What are the Risks?,2
"Ok, will i have a greater chance of getting big or small blood clots?",2
Who should not receive a vaccine because of allergies? Is there a list of the components used to make the vaccines that may affect my allergies? Is they a list of drug interactions with the vaccine?,2
how severe is delta variant,2
can I get sick with COVID-19 despite having the vaccine?,2
Do I have to get the vaccine,2
Has the vaccine been approved?,2
is the polio vaccine safe?,2
"Hi, how safe is Johnson & Johnson?",2
Is it illegal if you test postive for covid 19 and still go out in public,2
how amny vaacine are avilable right now,2
Will this make me like men,2
Can you get the tetanus vaccine with the COVID-19 vaccine?,2
What are possible reactions?,2
I don't want Windows 10,2
who made this bot,2
"Hello, are all the various vaccines serving the same purpose?",2
I'm hestitant,2
I had COIVD why do I get vaccinated,2
astrazeneca vaccine,2
are vaccines safe for youth,2
"Lorem ipsum dolor sit amet, consectetur adipiscing elit. Vestibulum in quam gravida, rhoncus ligula at, bibendum augue. Nam tempor posuere porta. Integer nec accumsan eros.",2
Should I get a vaccine against rhinovirus?,2
who?,2
how strong and how long the protection from covid-19 vaccination?,2
Is the vaccine safe  for Chrones disease,2
Can I still get COVID after having both my vaccines?,2
can vaccinated people transmit the covid ?,2
How many days do I need to quarantine after coming back to US from Japan?,2
Is vaccination against COVID going to become a yearly routine?,2
Will we need a vaccin yearly?,2
Can i take ivermectin for covid,2
Will vitamin C help with the vaccine side effects?,2
Can I enter bars without the vaccine?,2
Multiple s,2
Well obviously this isn't going to work unless I ask one of you already chosen questions. Hopefully this will get some people to get the vaccine,2
What are vaccine success rates in transplant patients,2
what about  the delat variant,2
What is the difference between mRNA and vector vaccines?,2
will I spread the virus less with a vaccine?,2
Ebola,2
About your body,2
a vacina e segura?,2
Food,2
A vacvinated person can transmit Covid?,2
Is the vaccine part of the global reset plan,2
what's your favorite color,2
what about long time disease,2
what is a vaccine?,2
Negrise,2
What safety reports?,2
I am looking for a papers dealing about the contmiantion reduction due to the vaccin,2
that is not a debate,2
what research was done for the vaccine,2
covid-19 symptoms,2
mask,2
why are people hesitant to get the vaccine?,2
what's in the johnson vaccine,2
is delta variant more dangerous?,2
What happens to modified nucleotides in Pfizer/BioNTech and Moderna/NIAID vaccines after they are injected into human body?,2
are masks good for kids,2
what is a cat?,2
Any studies about vaccine and fertility?,2
login,2
how quickly does immunity build after the first pfizer shot?,2
Do I have to get the vaccine if I faint after getting a shot?,2
Can vaccinated people transmit virus to other vaccinated people?,2
Is coronavac vaccine effective,2
Are vaccination rates going up,2
can covid be transmitted from clothes,2
there is a study that suggests that the delta variant is immune to vaxination,2
How many kids under 12 have been vaccinated?,2
How long after illness from COVID-19 does one have immunity,2
Are mRNA vaccines approved by the fda,2
How effective is Pfizer against delta variant,2
are vaccines safe for children,2
Why are so many afraid,2
what are the different vaccines avaialable?,2
Who should not take the vaccine,2
"Immunocompromised, vaccinated, no antibodies",2
How many people in Florida have covid,2
Which vaccines are approved in the US for adults?,2
Would if you are sick,2
How to ask about vaccination status,2
is there a special vaccine for Delta?,2
approved age,2
Can I still get COVID after vaccination?,2
Who made the Johns Hopkins COVID-19 map?,2
should I listen to what PERSON says about covid vaccines??,2
What the second question is?,2
efficacy of pfzier in children,2
if I am vaccinated can I be tested to see if i ever had covid in the past,2
Did TOXIC fund the Wuhan lab?,2
Are there long term studies in human beings for mrna vaccines,2
Does the Pfizer vaccine protect against delta plus,2
"Lame machine was no critical thinking, IQ below 70",2
how long are covid vaccines effective,2
what is the mandate for/,2
why should I get the vaccine when I am young and healthy?,2
Do side affects include the l,2
Was the vaccine tested on women and men,2
covud vaccine efficacy,2
Where can I get a test?,2
can children get covid vaccines,2
should young children get the vaccine?,2
types of vaccines,2
I take a biologic for psoriasis.  Is it safe to receive the COVID vaccine in combination with the biologic?,2
How long does immunity take,2
Has people that already had Covid getting the Delta variant,2
Why have vaccines become so political,2
Hippa,2
natural immunity?,2
"Yes,  how safe is the vaccine?",2
NERE SEASWW sea as. Me. Me,2
sieg heil,2
should i get vaccinated if i already got covid-19,2
is PERSON behind the vaccines,2
"i got covid, what sould i do?",2
what?,2
Should I let my children be around unvaccinated children,2
can i carry the virus if i have my two vaccines,2
Is the vaccine worse than the flu virus,2
What is the dominant variant?,2
tell me the weather,2
What is the CDC guidance for wearing masks?,2
PERSON puoi dirmi sui vaccini COVID-19?,2
Do vaccinated and unvaccinated people spread covid equally?,2
Are vaccines effective against the Delta variant?,2
Novavax covid vaccine?,2
What is the efficacy of Moderna vaccine?,2
can you get covid from surfaces,2
Is covid 19 man made,2
What age,2
incubation,2
how long are vaccine effective,2
"If I get a vaccine, will I be able to beat PERSON in dominoes?",2
Won't the novavax  vaccine be safer than the mrna vaccines?,2
how well does j and j work,2
negative sym,2
is the vaccine safe in pregnancy,2
impressive,2
what the vaccines,2
"If I already had COVID-19, should I get the vaccine?",2
Does the vaccine work against other strains,2
what do you think about astrazeneca?,2
astrazeneka,2
Will Pfizer vaccine prevent me from getting Delta variant?,2
Is astra Seneca vaccine safe?,2
What is happening to strengthen the response to vaccines for those who take immunosuppression drugs because of organ transplantation?,2
What should i do in making a covid 19 vaccine?,2
How were the vaccines tested,2
Happy birthday to me. Pls greet ne,2
"Hi chatbot, How hot is hell? Is the vaccine crowded there?",2
What's S-2P antigen?,2
Why should I listen to bill gates?,2
Fine,2
astrazaneca,2
Is there a long term study on the covid 19 vaccine?,2
Is the vaccine safe for people with bowel conditions?,2
Is covid vaccination safe,2
why am i here?,2
How long will I have symptoms?,2
Long term studies,2
Will covid19 vaccine prevent my death?,2
Does the vaccine contain luciferase?,2
Is covid19 more virulent than covid18?,2
Quite again,2
Is this vaccine a form of gene therapy,2
I am 19 years old. What is my chance of death from covid-19,2
What is life?,2
I'm healthy,2
"If I am young and healthy, should I get a COVID vaccine?",2
How's the vaccination going in Brazil?,2
feedback: suggest allowing folks to continue without clicking thumbs up or down or add neutral option,2
survey,2
Are you endorsing people on covid-19?,2
Should I quarantine if I tested negative but have all the signs of COVID,2
Who created the covid virus,2
"Hi,",2
I have multiple sclerosis and underwent aHSCT to halt progression on my disease 4 years ago. I'm concerned that the covid vaccines could trigger a relapse. Should I continue waiting for more data?,2
I'm concerned about my child,2
what if I'm trying to have a baby?,2
how long to vaccine antibodies last,2
Which is the best vacine?,2
breastfeeding baby,2
PERSON vaccine,2
Is Taiwan a country?,2
http://vaxchat.org/assets/images/SMALL_smile-small.png'v=1.1,2
I am concerned about Jews,2
is covid man made?,2
which is the protection period of protection of AstraZeneca and Sputnik V vaccines?,2
What does it mean to mount immunity with the vaccine?,2
what are your favorite peer-reviewed articles about the covid vaccine?,2
What is the differences between a cold and Covid-19?,2
Rare complications might occure within houdrets of thousends not within tens of thousand,2
can I still get covid after I am vaccinated?,2
how long does the protection last?,2
Any data on the use of ivermectin in treating covid,2
what are the risks of being vaccinateds,2
Ace 2,2
sdfvsd,2
ISN'T IT A CONSPIRACY?,2
How many doses of covid vaccine have been given to children in the US,2
Is the vaccine technology new?,2
Why am I bruising so easily.?,2
Are we approaching a fourth wave?,2
Finding vaccines,2
What is in the covid vaccine?,2
Magnet,2
How many people have died from covid,2
how many doses of vaccine have been administered worldwide?,2
how about the people with cancer,2
Do you have work at the Chautauqua Care center,2
What do you know about the studies that confirm waning immunity from Pfizer's Covid vaccine?,2
Hi! I got to this link from a website that specializes in MS. Is this general vaccine advice or specific for those who have MS?,2
what are the side effects of sinovac,2
Is the vaccine safe for my baby?,2
Blood clotting,2
skddks,2
should i get a vaxx if i already had covid,2
Hi chatbot! why i must get a vaccine?,2
Should I get the vaccine of I already have a strong immune system?,2
how many times,2
Does invermectin work to cure covid?,2
Plaquenil,2
Where can i find results of animal trials,2
i have a question for covid19,2
is Pfizer FDA approved,2
are vaccines good,2
Is this the first mRNA vaccine,2
Pfizer vaccine effectiveness,2
Symptoms of covid,2
Can I get Covid after I get the shot,2
nanotubule,2
Is vaccine better than natural immunity from having COVID,2
Bababooey,2
Is there a vaccine against Sars-Cov-2?,2
whats going on with booster shots,2
Can transgender people take the vaccine?,2
Was the EUA legally obtained or did it involve fraudulent data?,2
How does the vaccination rate in France compare with the rest of the world,2
I am afraid of getting sick,2
What do doctors think of the vaccine?,2
Vaccine for delta,2
Why should a healthy person get the vaccine?,2
should i vaccine my baby,2
what are the symptoms of a delta virus infection?,2
Short covid,2
can the pcr test give false positives?,2
What have the most severe side affects been,2
are spike proteins cytotoxic?,2
Does the vaccine provide immunity against covid 19,2
EFFECTS,2
Was the vaccine just one,2
data to show natural immunity,2
Can I get the vaccine if I take blood pressure medication?,2
Let's make out,2
"I already had a bad case of covid, do i need the vaccine?",2
When did the creation of the pfizer vaccine begin?,2
Is one vaccine safer,2
What will the vaccine do?,2
What are the individual ingredients inside the Pfizer covid-19 vaccine?,2
Who is spreading false information about COVID,2
Are you funded by bill gates,2
should I get Covid vaccinated?,2
The flu,2
longtime,2
is monoclonal antibodies better?,2
Will I test positive for antibodies after being vaccinated?,2
i already had coivd do i need this,2
I'm expecting?,2
When can we go back to normal?,2
What does the current VAERS report show for death?,2
Any info on cansino vaccine?,2
"If I have antibodies, do I still need the vaccine for COVID 19",2
booster data,2
I already had COVID. Do I need the vaccine?,2
Which countries have no Covid vaccines?,2
Are adverse events higher than other vaccines,2
How come the jews almost vaccinated everyone in their country but the rest of the world is getting supply shortcuts?,2
how is your day,2
Why get vaccine,2
does this apear in logs,2
How much wood could a woodchuck chuck if a woodchuck could chuck wood?,2
Is vaccin po,2
the vaccine has only been trialed for less than a year,2
gamaleya,2
does the 2nd shot help - can i skip the vaccine,2
how much are the covid vaccine and vaccines for Sars similar?,2
wuhan virus,2
can i still spread covid if I am vaccinated?,2
asl pls,2
Do vaccines prevent transmission,2
are you a female,2
Tuskegee experiments.,2
can i get the vaccine if i was exposed,2
covid positive,2
hello imm bot,2
Why should a previously infected covid-19 convalescent be vaccinated?,2
Is the pfizuvaccine safe,2
have the vaccines had long term trials?,2
Why is the j&j vaccine 1 dose and the others 2 doses?,2
can i get vaccinated with seafood allergy?,2
What is the percentage of effective coverage from Johnson and Johnson against the delta variant,2
Do healthy children need the vaccine?,2
what is the global excess mortality rate since the covid-19 pandemic began?,2
Brazil,2
fetus,2
What are those disease?,2
Does any virus have been isolated and purified along with the PERSON's postulates?,2
What about anaphylaxis,2
Coronavac efficiency,2
what do you think of the vaccine,2
What are the risks of long covid,2
Heart inflammation,2
speed of light,2
How much immunity if already had covid?,2
Is there a list of contraindications to review with MD,2
What about a third shot?,2
Is covid worse than the flu?,2
What are the symptoms of vaccination,2
"Hello, can you tell me a bit of information about the companies producing the vaccines?",2
where can i go to learn more,2
Have these MRNA based vaccines been tried on human before covid19?,2
Is covid 19 virus man made,2
"how much more likely are unvaccinated people to transmit covid, compared to vaccinated people?",2
"No, next time",2
Is the vaccine safe for children?,2
When are the Pfizer Phase III clinical trials expected to end?,2
Does COVID produces much greater immunity than any of the vaccines?,2
need to talk somebody,2
i have the vaccine. can I get sick,2
I have autoimmune,2
What are the benefits of a covid-19 vaccine?,2
Should a person who had a past blood clot (Deep Veins Thrombosis) get the vaccine?,2
Covid mortality rate over 70,2
How many kids are vaccinated in the US,2
Is there a ?live virus? in this vaccine?,2
What is this,2
Why is vaccine approval longer for kids?,2
Difference in Pfizer and moderna vaccine.,2
is sinopharm vaccine trustable?,2
Can I be infected?,2
Have you had the vaccine?,2
Are rtPCR TESTS ACCURATE?,2
What is the conversion rate of COVID vaccination in baltimore city since April  2021,2
does the astra zeneca vaccine prevent me from getting covid?,2
Is this a substitute for medical advice,2
When are phase 3 trials complete?,2
what are the best masks for kids,2
Why don't people get shots?,2
Can vaccinated people spread Covid?,2
What length of time were clinical trials?,2
Are all deaths from covid,2
Are there any dairy or milk products in Pfizer,2
The taste is delicious,2
how many shots is johnson and johnson,2
why should i get the covid vaccine,2
ARE COVID VACCINES SAFE,2
How do I protect myself,2
Does my Pfizer vaccine protect me from the Delta variant?,2
what about fertility?,2
Do you have numbers to support vaccines reduce transmission,2
How effective is AstraZeneca,2
first of all do you speak german?,2
Can you get hep b at the same time,2
Will getting the vaccine give me superpowers,2
Do I have covid,2
Is Sputnik V good?,2
Will Delta affect kids,2
Is the vaccine?,2
is it safe to take a J&J vaccine when you are HIV positive on ART?,2
Does the vaccine work on the delta variant?,2
should i get the vaccine even if i have already had covid 19?,2
What's the difference between indoor and outdoor transmission,2
Is PERSON approved,2
How many people have aids,2
when will we get to herd immunity,2
Why are the pharmaceutical companies not liable for vaccine damages,2
Have you gained sentience?,2
how many people died from covid?,2
My friend wants to use his natural immune system rather than vaccine,2
should people with MS get the booster shot?,2
Germany,2
Do you catch COVID?,2
I'm newly pregnant.  Should I get the vaccine,2
How safe are the Covid vaccines?,2
Why does the SEC filing say mRNA is gene therapy?,2
Are vaccines still in clinical trial?,2
Is it union pressure that is causing the CDC to require masks in schools -where the risk is the lowest?,2
pfizer vaccine efficacy,2
i need girl friend,2
How do I vaxmaxx,2
what is long covid?,2
Hi! What is mRNA?,2
How many people has covid globally?,2
Will this make me gay,2
Is a plant base Covid-19 vaccine available,2
How many people have been vaccinated,2
can I get Covid from a hug?,2
Did bill gates create covid?,2
Will the shot protect me from stds?,2
It is safe?,2
How the vaccine works against new strings,2
Has covid19 vaccine finished its clinical trial?,2
When will non-mRNA vaccines be available in the U.S.?,2
Que idiomas hablas?,2
can i still get covid if i've been vaccinated?,2
what's the diff between AZ and Covishield ?,2
What do you know about Sputnik V,2
High blood pressure,2
What medical epertise does the NAACP have?,2
infection rate explained,2
Does the spike protein affect fertility?,2
How have people who have had covid infection done with vaccine,2
Am I at risk if I'm under 16?,2
Thanks fam,2
can i be vaccinated usinga different method,2
what happens if someone doesn't have the second dose,2
When do the phase 3 trials end,2
What percentage of people who take the vaccine are unable to work the next day due to side-effects?,2
nanotube,2
there are no drugs for treatment?,2
What is vaccine hesitancy?,2
is covid-19 air-borne,2
Whats up,2
what is happening with children's clinical trials?,2
Is the pfizer vaccine better than moderna?,2
Should cancer survivors get the vaccine,2
Allergies,2
Demylenating Disease and Covid 29 vaccination,2
Can potatoes help prevent coronavirus?,2
do i need to wear a mask at the gym?,2
"If we are vaccinated and wearing a mask, can we still get infected?",2
Is PERSON  vaccine safe?,2
What are the risks of myocarditis,2
Why do I need the vaccine if I have had Covid,2
"Why should I, as a 21 year old, get vaccinated?",2
what is up,2
is the vaccine safe to take with penicillin allergy?,2
How is covid related to sars,2
Are lipid nanoparticles safe?,2
PCR test,2
what is a vector vaccine,2
Can I still get the virus even though I've been vaccinated?,2
Should  go to the mountains rhis week,2
what is the oil base of a nanolipid particle,2
Why should I be vaccinated,2
what is your name,2
What are the accepted brands of vaccines?,2
vector vaccine,2
what about ade?,2
Is the vaccine fully safe?,2
When will the vaccines complete safety trials?,2
Can you explain synthom for vaccinate people?,2
big mommy milkies,2
How many Americans are hospitalized with covid today?,2
what happens if i vaccinate while covid positive,2
boosters safe for pregnant women?,2
I already have antibodies. why should I get vaccine?,2
"I had congestive heart failure, how would the vaccine effect my body?",2
what about j&j?,2
How effective is the Moderna vaccine against the Delta variant?,2
"If I have been fully vaccinated, can I transmit COVID-19?",2
Is the vaccine a genetic therapy?,2
How many are there,2
Will Pfizer vaccine work against Delta variant?,2
Will the US reach herd immunity,2
do u lik cricket?,2
Are antibodies from recovering stronger than those from the vaccines?,2
where do variants come from?,2
Is bill gates a demon,2
How effective is novavax against delta variant,2
Which vaccines are effective against the delta variant?,2
Will the vaccine give me metallic powers?,2
What variant of COVID are we dealing with,2
I am young and healthy.  Why do I need to get the vaccine?,2
Vaccine shedding,2
safety,2
What happens to the spike protein the body creates in response to the mRNA?,2
I have three days to live should I get the vaccine,2
I have hearing loss from chemotherapy.  Will the vaccine make my hearing loss and tinnitus worse?,2
"i can't decide if I should get the vaccine, I am generally healthy in my 40s how do i make a good decision",2
Are you a boy or a girl?,2
Do I need to rest after getting the vaccine,2
Do I need a vaccine if I already had covid?,2
Where can i find the insert listing ingredients for the vaccine?,2
can vaccinated people spread covid?,2
PERSON a seguito di inoculazione di vaccino,2
Why you should get vaccinated,2
How many  Vaccinated people  get COVID-19,2
What are symptoms of the virus,2
masks,2
Is eating PERSON helpful against Covid-19?,2
I had covid in September of 2020. Am I still immune?,2
Spike protein causes micro clotting.,2
What is delta plus?,2
I hate shots,2
testing - classifier,2
Emergency approved only,2
"I have RA, will the vaccine be able to protect me since I have a  comprised immune system",2
how long is the vaccine effect?,2
Is the covid vaccine FDA  approved,2
Why young people are less vaccinated?,2
Why can't we just use ivermectin?,2
PERSON I'd eat your hole and taste the abortion,2
testing - I want to drink,2
Covid and tribes,2
what is the difference between natural immunity/antibodies and vaccination?,2
Booster for immune compromised?,2
How many people have not gotten the vaccine yet?,2
What is the small chance?,2
Is the vaccine bad if I don't get the vaccine,2
Was COVID made up?,2
Does Mrna affect dna,2
how is covid-19 in USA now ?,2
Will the virus attack people who write council previews?,2
Is covaxin safe?,2
What about shedders ...will they kill unvaccinated people,2
do air filters help,2
Are the current COVID vaccines effective against the Delta Variant?,2
microtubules,2
How long has mrna been researched?,2
scary,2
How will the pandemic end,2
How do you know they are safe ?,2
Is the vaccine financed by PERSON?,2
Is herd immunity achieved when about 70% of people gets their vaccine?,2
what in the vaccines,2
will i sleep?,2
are young people less likely to get covid,2
Masks are useless,2
what is emergency use authorization,2
Is my natural immunity capable of fighting covid19?,2
Is this a conspiracy to depopulate the world?,2
Is covid caused by 5g radiation,2
How safe is my 1 year old grandson to be around people who refuse the vaccine ?,2
"no, I'm good",2
how was the vacccine debeloped,2
how does the vaccine do in pregnant women?,2
no more,2
Do I have to expect and sid effects?,2
I don't feel informed if covid is dangerous for me. I am a female under 30.,2
Sinopharm es eficiente?,2
what is the difference between a booster and a second shot,2
Didn't help sorry,2
How do I talk to somebody who is vaccine hesident?,2
what has bill gates to do with the vaccine?,2
Do I still have to fear the murder hornets?,2
tylenol,2
Is it safe for me to get Covid vaccine if I want to get pregnant next year?,2
have a vaccine,2
How bad is the delta variant for kids?,2
Welcher Impfstoff ist der beste?,2
Does Pfizer protect from the delta variant,2
Depopulation agenda,2
Actually you have answered my question,2
What if I am pregnant,2
What drugs work after you've contacted the virus,2
Does a young person need to worry about myocarditis,2
change mind,2
Did he,2
What does spike protein do in youre body,2
is the pfizer vaccine safe,2
How accurate are rtPCR tests,2
Is the Johnson & Johnson vaccine safe?,2
How many Latinos are vaccinated against COVID-19 in Maryland,2
virus,2
covid between doses,2
How does the pfizer vaccine work,2
"Im pregnant, will the baby be affected",2
Can you please show me the data for the pregnancy trials,2
PERSON affects can i be,2
Will the fda approve a vaccine,2
Which are the differences between the vaccines ?,2
what is autoimmune complications?,2
Is RNA written back to dna,2
Who says?,2
How effective is Pfizer?,2
should i worry about myocarditis,2
Wie viele PERSON in Deutschland sind ungeimpft?,2
vaccine clotting,2
Why are people scared of the vaccine,2
Are there any studies ref,2
i am 71 yrs old have pre diabetes and am obese.  Should  I get the Pfizer vaccine ?,2
"I got Pfizer vaccine, am I susceptible to Delta variant?",2
Are vaccinations safe?,2
Will the vaccine protect me from the new delta varriant,2
covid symptomps,2
Does covid vaccine prevent transmission?,2
What about long covid?,2
What is the benefit of the vaccine,2
Tell me about ivermectin,2
Hlo good evening,2
Any side effects with the J&J vaccine,2
Can people who are vaccinated catch covid and be hospitalized,2
Do I need the vaccine if I've had Covid-19?,2
Can ivermectin cure covid-19?,2
Can a vaccinated person receive the virus and transmit without getting sick himself?,2
I have nasal allergies and insect urticaria. Is it safe for me to vaccines,2
Is the vaccine safe for People with autoimmune disease,2
Is the spike protein from HIV?,2
how long must I wait after having covid?,2
how safe moderna statistics,2
do you have information in arabic?,2
Okay I have here I have a question to ask,2
Where is from Covid?,2
Are you going back to the house,2
I am not sure if I can get vaccinated,2
After being vaccinated can you still get covid 19,2
How much rare are the reaction?,2
Spike vs nucleocapsid antibodies,2
Tell me about the bio-distribution of the vaccine.,2
What part of the cell do the vaccines enter?,2
How long does natural immunity last compared to vaccine immunity,2
What are the side effects of the vaccines? Which vaccine is the most effective?,2
How many people died from covid in Saudi Arabia this month,2
could I drink after getting vaccitaned,2
Can u catch aids,2
what if my doctor told me not to,2
I got thrombosis,2
How safe is the vaccine with Hashimoto disease,2
Onde posso encontrar uma vacina?,2
bnt,2
are vaccine mandatory?,2
How many years of safety data exist for COVID-19 vaccines?,2
Is sputnik v safe?,2
Who owns the patent for the Pfizer vaccine?,2
how does an mrna vaccine work?,2
Why we have to pay for the vaccine?,2
vaccination against delta varian,2
What is the Johnson and Johnson vaccine made of?,2
What proof is there that Covid is a real threat?,2
What is shedding?,2
immunocompromised,2
The third shot of moderna or pfizer are half or full dose?,2
which vaccine is the bedt,2
can other vaccines be given at the same time as the COVID vaccine,2
I've had covid.  An I immune,2
Is COVID AIRBORNE,2
Are there any side effects?,2
Can non symptomatic Covid positive people infect others,2
Can you clarify what you mean by ?look at the safety concerns??,2
Is third  shot iss,2
"I have had anaphylactic reactions to medicine before, should I get the vaccine?",2
"Even if the vaccines are not used in the U.S., it's interesting to learn of their good and not-so-good sides.",2
Is there a data that compares natural immunity to vaccine immunity?,2
is the phizer vaccine better than moderna?,2
Does the vaccine protect against the delta variant?,2
"I'm healthy, do I need the Covid vaccine?",2
Will vitamin D prevent covid,2
How many cases of COVID have there been in the US in total?,2
do you speak spanish?,2
Yashin to president in Russia,2
Do vaccines work?,2
Can I still get Delta variant after vaccination?,2
Can I breastfeed my baby after vaccination,2
What percentage of the population is vaccinated in the us,2
are all vaccines safe?,2
how long will covid be around,2
How many people died from COVID,2
What is the COVID case breakthrough rate in vaccinated people by age group?,2
I want to obtain the article cited by CNN published by CNN and other news chaannels and quoted by CDC,2
Does the vaccine still reduce transmission?,2
is this approved by the fda?,2
Did the ccp create covid,2
what are the names of the 3 vaccines you mention,2
COVID is no worst than a flu,2
Breakthrough infection rates,2
How many adverse reactions have occurred?,2
what is covid death rate,2
Long term,2
Should I get the vaccine if I have already had covid,2
Which vaccine is effective against the delta variant,2
I have to travel from ireland to london next week. how should i behave?,2
Hi! Is the vaccine recommended for people with autoimmune disease?,2
How to cure Covid,2
What type of antibodies develop,2
How good is Coronavac?,2
OOH OOH AHH AHH AHH,2
My husband is a kidney transplant recipient with diabetes.  Can he be around non vaccinated people,2
tubules,2
Is Project Salus correc?,2
Can I get pregnant after a COVID-19 vaccine?,2
What about booster shots?,2
What masks work and what masks don't work?,2
Are you single?,2
What are COVID-19 vaccines,2
Vaccine candidates targeting N protein,2
what is the usefulness of vaccine ?,2
"mRNA gene therapy is TOXIC, and injure people and in some cases even kill!!!",2
How dangerous is the virus to teens?,2
Are MRNA vaccines safe for people with MS?,2
case breakthrough,2
"Ok, bye",2
Am I gay?,2
"If I get infected after vaccination, can I still infect other people?",2
What is  data?,2
How to prevent covid,2
will covid-19 accelerate the great reset,2
how many adults have had the vaccine?,2
What is the ingredients in the moderna injection,2
Did PERSON kill himself?,2
do vaccines protect against delta variant,2
is the vaccine approved for children?,2
WHY do I need a booster?,2
how do the vaccine work,2
"Moderna or Pfizer,which is better?",2
Can vaccinated individuals spread COVID-19,2
I am taking copaxon for my MS,2
is the covid vaccine safe for adolescents,2
Did you have fun at event 201?,2
Should i travel from ireland to London with my 20 yo son next week,2
When will covid be over,2
Is nausea a common side effect,2
What is the reproduction rate if the virus?,2
Does the vaccine prevent the spread,2
what are the risks associated with carrying the delta variant from fully vaccinated to fully vaccinated,2
Are you a boy?,2
jsdfhasf,2
Does the Pfizer vaccine stop you catching the virus,2
vaccine sites,2
Wie viele PERSON?,2
Do you trust Dr. PERSON?,2
asf,2
Do you know Alexa?,2
Beard mask,2
Name,2
should I get the COVID vaccine?,2
Will the vaccine help to wake up the masses to flat earth?,2
What about antibody enhanced infection,2
Pvizer,2
What about  ?,2
FULLY vaccinated?,2
Yeah,2
If I already had covid 19 and have antibodies why do I need the vaccine,2
does PERSON earn money with vaccines?,2
Is COVID a hoax?,2
what are my chances of dying from COVID,2
Do you like chipotle,2
Pfizer efficacy for delta variant,2
where can I get an antibody test,2
does the vaccine help against other disease,2
Do children carry delta virus ?,2
Can I have the vaccine if I have high blood cell counts,2
how is the vaccin working?,2
Why do the Jews hate white people?,2
can you show me a chart of vaccination rates by education level,2
Are you naked?,2
Are LGBT more at risk for covid?,2
what is a booster?,2
Are you credible,2
COVID has a 99.6% survival rate,2
how many people have died from covid,2
are vaccines safe for kids?,2
Is COVID here to stay?,2
Can a vaccinated person spread Covid,2
why should I get the vaccine,2
What if I'm pregnant?,2
Why are they not treating for antibodies?,2
Can I get long covid even if i am vaccinated?,2
My pee pee itches,2
Has the sars-cov2 virus been isolated in a laboratory ?,2
should i travel from ireland to london next week?,2
countries with highest vaccine ratio,2
Why is the Johnson and Johnson vaccine only one shot,2
How long do I have to quarantine if I test positive?,2
What are the components in each vaccine,2
enlarged heart,2
what is the coverage in the usa?,2
will sinovac be accepted at universities?,2
This guy john thinks that masks should not be a thing.  Why os he so stupid?,2
How likely is it that a fully vaccinated person could transmit COVID-19?,2
can you speak korean,2
Why not early treatment?,2
WHy is the delta variant more dangerous?,2
What brands are there?,2
Have you had the vaccine yet chatbot?,2
Convince me to get vaccinated,2
Will I get blood clots?,2
"I need a negative test to return to school after having had COVID, will I still test positive if I no longer have symptoms?",2
Why aren't they effective,2
how effective is Johnson & Johnson against Delta virus?,2
Is the COVID vaccine safe for children?,2
is it safe for my 10 year old to get vaccinated,2
How about woman younger than 50?,2
What is my level of exposure around 6 other people indoors?,2
breast feeding,2
"If I took pfizer, moderna, J&J, AstraZenica all at the same time, would I be immune?",2
How long does natural immunity last?,2
How many kinds of vaccines are there?,2
what over the counter medications can I use to treat covid?,2
What's in the covid vaccines?,2
Is one vaccine better than another?,2
Why do I need the vaccine if I have had covid,2
Is the spike protein dangerous,2
how's the vaccination rate in the united states?,2
which company is developing a live attenuated corona vaccine?,2
Why is the vaccine better to be vaccinated than not?,2
What the Meaning of life?,2
Do you believe in vaccine passports,2
how many african americans got the covid-19 vaccine,2
What is Covid-19?,2
when the the,2
is the shot still in trial,2
What percentage of kids get long Covid,2
Should people with natural immunity get the vaccine?,2
how many doses,2
"where can i get a covid test in syracuse, ks",2
How many people died of Covid?,2
Should someone with lupus get the mRNA Covid vaccine?,2
what are the current trends in COVID-19 vaccines?,2
When will vaccines be FDA approved?,2
hydroxychloroquine Effective for COVID treatment?,2
kjkjkj,2
how many people have be have had reinfection from covid,2
which is the best vaccination against delta variant?,2
Which Vaccine is better - biontech or astra,2
Monoclonal antibody,2
Is vaccine fda approved?,2
how long does natural immunity last after getting covid,2
"My 12 year old child is small, should I wait for the vaccine for younger chikdden?",2
Are you a Star Wars fan,2
PERSON is a Satanist,2
what will happen to my fertility,2
Rate of myocarditis in teen,2
Would you send me some articles on long covid?,2
Is there any data on reinfection rates available?,2
What are the risks for myocarditis,2
can you tell me about the astrazeneca vaccine,2
Pfizer or Moderna?,2
Is the vaccine very safe?,2
Do we need booster,2
Does the vaccine prevent the spread of covid?,2
Can vaccinated people  still get the coronavirus?,2
Fever vaccine,2
tested on animals?,2
Thank you.  I am worried about this.,2
is the vacine still in trails,2
What is the Delta Variant,2
what is a breakthrough infection?,2
why do i need to wear a mask after getting hte vaccine,2
"if a vaccinated patient is covid positive, how long must they quarintine",2
Is coronavirus a common cold?,2
How much profit does each vaccine generate?,2
Does the profanity classifier pushed to production?,2
Are there concerns about receiving the COVID vaccine during pregnancy?,2
Should I get a vaccine?,2
can pregnant women,2
How contagious is the new delta variant?,2
If I got Covid do I still need the vaccine,2
how long until we reach herd imunity,2
Can a vaccinated person still spread Covid-19?,2
what are the chances of getting covid after being vaccinated,2
I don't know?,2
Why should I get a vaccine if I had Covid already?,2
Do you know when DONDA is dropping?,2
and what about pregnant women?,2
Do i need the shot if I've already had covid?,2
What are symptoms of the Delta virus,2
There's more deaths than at any other time over past 20 years of VAERS,2
biontech vs sinovac,2
Do you like tacos?,2
what are the differences between the different vaccines?,2
What is your birthday,2
quarantine if only one dose,2
What's going on with the variants?,2
Is the vaccine approved for use,2
Why are people in the global north getting booster shots yet Africans have not yet been fully vaccinated?,2
Is the covid variant dangerous for kids younger than 9 years old,2
COVID-19 vaccination at school,2
How is the fight against covid going?,2
Perfect! I am glad it's helping people that need ir,2
How can I help local communities,2
What about the G5,2
Can pregnant women get the vaccine?,2
Vaccine killed,2
how was the vaccine approved?,2
should we be tested for corona before vaccination?,2
What do they actually do?,2
kawasaki disease,2
What are my chances of getting Covid again after testing positive,2
What is the yellow card reports,2
will they install 5g,2
You're not an AI,2
How does the booster shot work?,2
is the vaccine ok to use a cloth mask,2
Can I protect myself by wearing a tinfoil hat?,2
How many Americans have got vaccinated?,2
Why do we need a vaccine?,2
BRUH,2
Can dogs transmit COVID?,2
How severe Covid breakthroughs vaccinated individuals can have?,2
multiple sclerosis and the covid vaccine,2
Can I still get covid after I get vaccinated?,2
What vaccines use viral vector,2
How effective is the JnJ vaccine?,2
Is a free floating spike protein that crosses the blood brain barrier the same thing as a prion?,2
Slappy pants,2
should a person with covid antibodies get the vaccine?,2
Has the vaccine been extremely well tested,2
when will this pandemic end,2
Where did COVID start?,2
i had the vaccine. can i give someone the virus?,2
Why are they calling gene therapy a vaccine?  Aren't they different?,2
pericarditis,2
do vaccines protect from the delta variant,2
how can you help me?,2
mycocarditis,2
Diabetes and vaccine,2
is ivermectin safe?,2
Can unvaccinated infect children,2
Do people without symptoms spread covid19,2
Vaccine and Hashimoto disease.,2
Contagious,2
do i need to wear a mask after being vaccinated,2
after getting the vaccine - if i meet a person who is positive for COVID - should I go to quarantine?,2
Gotcha!,2
How vaccine will make me feel better?,2
In what states has vaccine trials run?,2
What's up?,2
McDonald's or KFC?,2
"If someone who already has had COVID, do they still need the vaccine?",2
yes i did,2
What's the mortality rate of covid?,2
Operating system,2
COVID is a parasite correct?,2
Que es el covid-19,2
I lost my vaccination card. How can I get a new one,2
What testing has been done on the vaccines,2
does covid19 cause infantility,2
Is ivermectin as good as the vaccine?,2
does covid vaccination reduces case mortality? where to find the statistics?,2
symptoms,2
How Many adults are vaccinated?,2
"If I am in good health and 60 years old, what are my odds of dying of COVID-19?",2
What is an antibody test?,2
Is there a sigma variant,2
Do vaccinated people carry less of a viral load than un-vaccinated?,2
Have the been adverse reactions,2
I am pregnant -- should I get the vaccine?,2
What are WHO certified vaccines?,2
I HAVE THE CODIV-19 SHOT WILL I  NEED A BOOSTER SHOT,3
Can you combine vaccins e.g Janssen and Astrazenica? What is the combined rate of protection against COVID?,3
Are the shots free,3
Can I get the vaccine if I'm pregnant?,3
How long until I will be protected after taking the second dose of the vaccine?,3
can children get the vaccine?,3
Can I get my second shot the day after her isolation is over,3
My mom is an antivaxer. How can I persuade her?,3
When will booster shots become available?,3
how long do i have to wait to get the vaccine after having covid,3
when can you take vaccine after covid,3
can a person receive a covid shot if they had fisher PERSON,3
How do I get others to take the vaccine?,3
Can I get a booster,3
"older than 65, vaccinated two doses of Pfizer, do I need a reinforcement",3
Should someone with Type II Diabetes receive a booster shot of the COVID 19 vaccine?,3
Can I get a different vaccine for booster?,3
when should i get the second dose,3
"Hi, can I have a moderna shot, 5 months after Janssen?",3
What are the recommendations and timeline for getting the third vaccine shot?,3
If I have the PERSON vaccine what are my chances of catching COVID-19 Delta variant,3
should i get a third vaccine?,3
is vaccination under age of 12 safe?,3
"For people vaccinated with Sinovac, do they need to get booster shots?",3
If I had the Johnson & Johnson vaccine should I take another vaccine like Pfizer?,3
how can i convince my mother to get the vaccine,3
how long will my vaccine protect me?,3
When will the vaccine be available for younger children?,3
how many vaccines do i need,3
When will a vaccine be available for my kids,3
I love the vaccine.,3
Should I get Moderna if I had surgery 1 month ago.,3
where can i go to get a vaccine,3
When can I get my booster?,3
do i need a booster to protect me from variants?,3
should i get all vaccines together?,3
"Hello , I want to vaccinate my 13 years old daughter but we live in LOCATION ( we are from LOCATION ) and  for the 2nd dose , she couldn't enter in the US . What can I do , please ?",3
Can you get the vaccine if you are sick with influenza,3
How long before I need a booster shot,3
I have MS.  Should I get the booster.  I had two Moderna vaccinations a few months ago.,3
What are your recommendations PERSON fully vaccinated individuals still wear masks when in indoor spaces with folks that aren't  yet fully vaccinated?,3
Are booster shots available in Chester County?,3
"How can I increase the edficiancy of my vaccination, when I got already two Biontech injections?",3
where can I get vaccinated in baltimore city?,3
"Between Pfizier and PERSON, which vaccine is better ?",3
"Hello chatbot, is ok to vaccine children ?",3
How can I find a vaccine,3
how do I convince patients to get vaccinated,3
Are they going to give booster shots yet.,3
Am I eligible for a booster?,3
what is the best vaccination,3
Can people who had Covid in the last 90 days receive a booster,3
Are any adverse reactions associated to the covid 19 vaccine?,3
where can i get the johnson and johnson vaccine,3
I had the J&J shot and can only get the J&J shot because of allergies. When can I get a booster?,3
Should I get an antibody test prior to getting a booster shot,3
How soon can I get vaccinated after having covid,3
where do I get the shot,3
What are vaccination risks for an adolescent boy aged 16 years? Which vaccine is recommended?,3
Can I get a Pfizer booster shot since I became fully vaccinated 6 months ago?,3
which vaccine should I get if I am on the birth control pill?,3
Do you have Johnson COVID vaccine and can I schedule a booster?,3
I just recovered from infection and i wish to  get vaccinated tomorrow,3
Can I get Moderna if I got Pfizer,3
I got Johnson & Johnson,3
is it ok to get two different vaccines,3
Do I need a booster for Delta?,3
How long do you have to wait to get your booster,3
which vaccine should i get?,3
Which vaccine should I get ?,3
I love the vaccine,3
Vaccination locations near me,3
How soon can I get the vaccine after I had Covid,3
I like the vaccine.,3
Can I receive covid 19 and flu vaccine simultaneously?,3
When can I get a booster? I work in education and am concerned about being with young children.,3
will insurence cover my vaccine,3
when will i need a booster dose,3
can i take pfizzer vaccine as 2nd dose after 12 weeks from astrazenca 1st dose,3
which vaccine is the best for a 15 year old,3
I received the pfizer vaccine. what booster should I get?,3
My child is 11 but I'm thinking about lying and saying that he is 12 so he can get vaccinated. Is this a bad idea?,3
Do I need a booster for my J & J shot?,3
How late may I get the 2nd dose of Pfizer?,3
I am vaccinated. Can I now get other vaccinations?,3
"If I live in LOCATION, where do I get a vaccine?",3
What brand vaccine is best for 65 year old women diabetic,3
can pets get vaccinated,3
My parents don't want me to get vaccinated but I want to get vaccinated. How can I do this?,3
Can I get my second dose from a different source,3
I am a 39  year old healthcare worker. I got my second Moderna vaccination in February 2021. Should I receive a booster?,3
Is it better to get AstraZeneca vaccine now or wait for mRNA vaccine?,3
I'd like to get vaccines,3
Can i have a vaccine in iran ?,3
Where to get vacccin?,3
Which vaccine is recommended for a cancer patient,3
Hello! What is the best vaccine to receive,3
Will they offer supplemental shots for those who received the Johnson and Johnson vaccine,3
i got 2 pfizer vaccines.  will i need a booster,3
How many times do I need to be vaccinated?,3
On Avonex and an aromatase inhibitor (anastozole) is it Ok to take booster?,3
why the hell won't people get vaccinated?,3
Should I get the booster?,3
can i get the vaccine as a minor?,3
I have Johnson and Johnson vaccine. Should I get a booster,3
"How soon, after getting Covid-19 and isolating for ten days, can one get a vaccine?",3
What vaccine should I get,3
Your answer was clear,3
Where can I get booster,3
Which booster should I take?,3
can one be vaccinated by two types of vaccines,3
I'm undocumented. Can I get the vaccine,3
Is the Moderna booster available,3
What age do i need to be to get the vaccine?,3
Where can I get a vaccine in Baltimore?,3
Can I mix and match vaccinations,3
i need a booster how do i get one,3
How many total shots should immune suppressed person get?,3
When can young kids get their vaccines,3
Can I just get the first vaccine and not the second?,3
Do i need a booster,3
where can you get vaccinated,3
When should I get vaccinated?,3
Would I need a booster shot after being vaccinated by Pfizer?,3
Should I take a booster shot?,3
I am vaccinated. Can I still get long COVID?,3
when should i get the vaccine,3
When is safe for a pregnant woman to get the shot?,3
Should I get a third dose of the vaccine?,3
when should. I get my booster?,3
Can I take vaccine while I am on anticoagulant,3
"I'm 56 years old and was vaccinated on April 8, 2021 (Johnson & Johnson). Do I need a booster?",3
Hi I need to book for my second Covid dose of Pfizer,3
how many doses do you need of the vaccine,3
do i need a third shot of mRNA vaccine?,3
what booster vaccine should I get,3
What can I tell my friends to convince them to get vaccinated?,3
"I'm double Vacc'ed. Dr think I need the booster. I took Moderna for the first 2, so should I wait for the Moderna to be approved by the FDA or go ahead with the Phizer?",3
Could I get vaccinated while I am taking antibiotics?,3
Should I get Pfizer or moderna,3
Which vaccine and how many doses should  I get if I received already one dose of Sputnik V vaccine?,3
where can i get the vaccine?,3
How long will the Moderna vaccine last once I have my second shot?,3
What kind of booster shot can I get if I have the J&J vaccine?,3
Do you have available the J&J booster?,3
"I got the janssen vaccine, am i protected against all variants?",3
How can I get vaccination,3
where are covid vaccination locations,3
What is the best vaccine for a young woman (28 years old)?,3
should i take the third vaccination for the dlta?,3
Does the JNJ vaccine need a booster shot?,3
When can I get a booster,3
When will I need a booster dose?,3
Sign up for child vaccine trial,3
where can i get a covid-19 vaccine?,3
which vaccine is safer ?,3
Can we mix Pfizer and Moderna vaccine,3
do i need a booster vaccination?,3
What kind of medical conditions need a booster,3
Should I mix and match booster,3
which vacine should i get,3
Which vaccine is the most effective?,3
How Many days should I wait for vaccine second dose if I had covid,3
When will my child be able to be vaccinated,3
For how long stand the immunization ?,3
can I get vaccinated,3
I am 70 years old. and live in an area where many are unvaccinated.Would I be better off getting a third shot of the Moderna Vaccine now or waiting forthe booster approval?,3
how do i geta vaccine,3
I am fully vaccinated since March- Pfizer.,3
Where I can get the covid vaccine in Houston?,3
how long do i wait after having covid before getting the vaccine,3
Do I need to show a driver's license to get a vaccine?,3
when will moderna booster be available,3
could I mix covid-19 vaccine to obtain better protection?,3
When will a vaccine be available for my 2 year old?,3
Do we need a booster yet?,3
I am 25 and want to get vaccinated. Which vaccine should I get,3
"I want to get vaccinated, but I am pregnant. What should I do?",3
"I already got two shots, and I'm 50; should I get the third shot?",3
is there available vaccine ?,3
I have taken the 2 shot Naderna vaccine in April of 2021 do I need the booster shot?,3
I had one dose of Pfizer 95 days ago. Can I still be protected getting a late second dose?,3
Will I need to be vaccinated for covid every year ?,3
Should a pregnant woman get a booster shot?,3
Where are there vaccines available near me?,3
I'm 17 years old. Can I get vaccinated?,3
Can I mix and match boosters,3
I have been vaccinated,3
Do I need a third vaccine shot?,3
"After 2 shots of Sinopharm vaccine , when can I take a Pfizer Vaccine ?",3
what is the most effective vaccine against COVID-19?,3
what is the best vaccine agains the delta variant?,3
Should I get the booster shot?,3
Which is the best shot to take Madonna or Pfizer,3
Can we take Sputnik 2nd dose after 2 months gap?,3
should i get a booster shot,3
Vaccine near me,3
"If I've gotten the Johnson and Johnson vaccine, can I get a different brand for a second dose?",3
Vaccinations near me,3
How can you convince someone to get vaccinated?,3
When will vaccine be available for children under 12?,3
where can i get a vaccine appointment,3
Third dose for immunocompromised?,3
What is the safest vaccine,3
Can I take 3 doses?,3
can my child get a covid vaccine,3
if ive already had covid can i get the vaccine,3
I am vacinated,3
"ok, but will I need to continue to wear a mask after being vaccinated?",3
Is celiac disease one of the autoimmune disorders that would qualify for the third  Pfizer booster vaccine?,3
can i get all 3 vaccines,3
When can I get a Covid booster shot?,3
where can I book appointment for Childs covid vaccine?,3
will i need a third shot of vaccin,3
How do I convince people to get vaccinated?,3
"I have received both my Moderna vaccines, when can I get a booster?",3
I have already received the Johnson&Johnson Covid-19  vaccine which was only a 1 time dose. I would like to get the additional vaccine booster shot asap when there is an appointment available p,3
when can my kids get vaccinated,3
How can I get vaccination without my husband knowing?,3
Can I get the Pfizer vaccine if I have already had the J and J vaccine?,3
I'm a senior citizen. Can I get the Pfizer booster shot at your facility. My previous shots were  Moderna. Do you accept walk -in patients?,3
"Ok, that's fair. But what if I want the best chance of preventing infection in order to protect others? Which vaccine is best then?",3
How long after infection should I get second dose,3
Can I get a third shot pFizer if I had Covid after the first 2 shots,3
